{
  "version": "2022.1",
  "applications": [],
  "platforms": [
    {
      "name": "imageProcessingSystem_wrapper"
    }
  ],
  "systems": [
    {
      "name": "IpTestBinary_system",
      "platform": "C:/Users/i-hue/Desktop/prueba_binarios/imageProcessingSystem_wrapper/export/imageProcessingSystem_wrapper/imageProcessingSystem_wrapper.xpfm",
      "sysConfig": "imageProcessingSystem_wrapper",
      "buildConfig": "Debug",
      "applications": [
        {
          "name": "IpTestBinary",
          "platform": "C:/Users/i-hue/Desktop/prueba_binarios/imageProcessingSystem_wrapper/export/imageProcessingSystem_wrapper/imageProcessingSystem_wrapper.xpfm",
          "platformPath": "C:\\Users\\i-hue\\Desktop\\prueba_binarios\\imageProcessingSystem_wrapper\\export\\imageProcessingSystem_wrapper",
          "sysConfig": "imageProcessingSystem_wrapper",
          "domain": "standalone_ps7_cortexa9_0",
          "system": "IpTestBinary_system"
        }
      ],
      "platformPath": "C:\\Users\\i-hue\\Desktop\\prueba_binarios\\imageProcessingSystem_wrapper\\export\\imageProcessingSystem_wrapper"
    }
  ],
  "others": []
}